"id","kind","title","destination","selectedFactsCheckedOn","verifiedFields","bookingMode","commercialVerification","priceStatus","mediaStatus","sources"
"evening-desert-safari","activity","Evening Desert Safari","dubai","2026-10-01","Reference itinerary and sandboarding exclusion","enquiry","Supplier agreement/quote required","No confirmed RAAHHI rate","Existing media; venue/itinerary photo is not proof of allocated supplier or hotel","https://www.raynatours.com/dubai/desert-safari-tours/dubai-desert-safari-with-dune-bashing-e-5962"
"premium-desert-safari","activity","Premium Desert Safari","dubai","","","enquiry","Supplier agreement/quote required","No confirmed RAAHHI rate","Existing media; venue/itinerary photo is not proof of allocated supplier or hotel",""
"overnight-desert-safari","activity","Overnight Desert Safari","dubai","","","enquiry","Supplier agreement/quote required","No confirmed RAAHHI rate","Existing media; venue/itinerary photo is not proof of allocated supplier or hotel","https://www.visitdubai.com/en/articles/winter-in-dubai-highlights"
"morning-desert-safari","activity","Morning Desert Safari","dubai","","","enquiry","Supplier agreement/quote required","No confirmed RAAHHI rate","Existing media; venue/itinerary photo is not proof of allocated supplier or hotel",""
"dune-buggy-dubai","activity","Dune Buggy Dubai","dubai","","","enquiry","Supplier agreement/quote required","No confirmed RAAHHI rate","Existing media; venue/itinerary photo is not proof of allocated supplier or hotel",""
"desert-safari-abu-dhabi","activity","Desert Safari Abu Dhabi","abu-dhabi","","","enquiry","Supplier agreement/quote required","No confirmed RAAHHI rate","Existing media; venue/itinerary photo is not proof of allocated supplier or hotel",""
"dubai-city-tour","activity","Dubai City Tour","dubai","","","enquiry","Supplier agreement/quote required","No confirmed RAAHHI rate","Existing media; venue/itinerary photo is not proof of allocated supplier or hotel",""
"abu-dhabi-city-tour-from-dubai","activity","Abu Dhabi City Tour from Dubai","abu-dhabi","","","enquiry","Supplier agreement/quote required","No confirmed RAAHHI rate","Existing media; venue/itinerary photo is not proof of allocated supplier or hotel",""
"full-day-abu-dhabi-city-tour","activity","Full-Day Abu Dhabi City Tour","abu-dhabi","","","enquiry","Supplier agreement/quote required","No confirmed RAAHHI rate","Existing media; venue/itinerary photo is not proof of allocated supplier or hotel",""
"dhow-cruise-marina","activity","Dhow Cruise Dinner — Marina","dubai","","","enquiry","Supplier agreement/quote required","No confirmed RAAHHI rate","Existing media; venue/itinerary photo is not proof of allocated supplier or hotel",""
"dhow-cruise-creek","activity","Dhow Cruise Dinner — Creek","dubai","","","enquiry","Supplier agreement/quote required","No confirmed RAAHHI rate","Existing media; venue/itinerary photo is not proof of allocated supplier or hotel",""
"musandam-dibba-tour","activity","Musandam Dibba Tour","ras-al-khaimah","","","enquiry","Supplier agreement/quote required","No confirmed RAAHHI rate","Existing media; venue/itinerary photo is not proof of allocated supplier or hotel","https://visitmusandam.com/tour/musandam-tour-from-dubai/"
"burj-khalifa-top","activity","Burj Khalifa: At the Top","dubai","2026-10-01","Standard Silver observation floors; Entrance location","enquiry","Supplier agreement/quote required","No confirmed RAAHHI rate","Existing media; venue/itinerary photo is not proof of allocated supplier or hotel","https://www.guinnessworldrecords.com/world-records/tallest-building; https://ticket.atthetop.ae/experiences/at-the-top-burj-khalifa/"
"dubai-frame","activity","Dubai Frame","dubai","2026-10-01","Published opening hours; Gate 4 entrance; Age and free-admission guidance","enquiry","Supplier agreement/quote required","No confirmed RAAHHI rate","Existing media; venue/itinerary photo is not proof of allocated supplier or hotel","https://www.dubaiframe.ae/en/plan-your-visit"
"museum-of-the-future","activity","Museum of the Future","dubai","","","enquiry","Supplier agreement/quote required","No confirmed RAAHHI rate","Existing media; venue/itinerary photo is not proof of allocated supplier or hotel","https://museumofthefuture.ae/en"
"sky-views-observatory","activity","Sky Views Observatory","dubai","","","enquiry","Supplier agreement/quote required","No confirmed RAAHHI rate","Exact approved photo required","https://www.skyviewsdubai.com/"
"the-view-at-the-palm","activity","The View at the Palm","dubai","","","enquiry","Supplier agreement/quote required","No confirmed RAAHHI rate","Existing media; venue/itinerary photo is not proof of allocated supplier or hotel","https://www.theviewpalm.ae/"
"dubai-aquarium","activity","Dubai Aquarium & Underwater Zoo","dubai","","","enquiry","Supplier agreement/quote required","No confirmed RAAHHI rate","Existing media; venue/itinerary photo is not proof of allocated supplier or hotel","https://www.thedubaiaquarium.com/"
"aya-universe-dubai","activity","AYA Universe Dubai","dubai","","","enquiry","Supplier agreement/quote required","No confirmed RAAHHI rate","Existing media; venue/itinerary photo is not proof of allocated supplier or hotel","https://www.aya-universe.com/"
"dubai-miracle-garden","activity","Dubai Miracle Garden","dubai","","","enquiry","Supplier agreement/quote required","No confirmed RAAHHI rate","Existing media; venue/itinerary photo is not proof of allocated supplier or hotel","https://www.dubaimiraclegarden.com/"
"global-village-dubai","activity","Global Village Dubai","dubai","","","enquiry","Supplier agreement/quote required","No confirmed RAAHHI rate","Existing media; venue/itinerary photo is not proof of allocated supplier or hotel","https://www.globalvillage.ae/"
"img-worlds-of-adventure","activity","IMG Worlds of Adventure","dubai","","","enquiry","Supplier agreement/quote required","No confirmed RAAHHI rate","Existing media; venue/itinerary photo is not proof of allocated supplier or hotel","https://www.imgworlds.com/"
"ferrari-world-abu-dhabi","activity","Ferrari World Abu Dhabi","abu-dhabi","2026-10-01","Ride maintenance notice; Direct-ticket amendment guidance","enquiry","Supplier agreement/quote required","No confirmed RAAHHI rate","Existing media; venue/itinerary photo is not proof of allocated supplier or hotel","https://www.guinnessworldrecords.com/world-records/93599-fastest-roller-coaster; https://www.ferrariworldabudhabi.com/en/park-overview/rides-information; https://www.ferrariworldabudhabi.com/en/faq"
"warner-bros-world","activity","Warner Bros. World Abu Dhabi","abu-dhabi","","","enquiry","Supplier agreement/quote required","No confirmed RAAHHI rate","Existing media; venue/itinerary photo is not proof of allocated supplier or hotel","https://www.wbworldabudhabi.com/"
"seaworld-abu-dhabi","activity","SeaWorld Abu Dhabi","abu-dhabi","","","enquiry","Supplier agreement/quote required","No confirmed RAAHHI rate","Existing media; venue/itinerary photo is not proof of allocated supplier or hotel","https://www.seaworldabudhabi.com/"
"kidzania-abu-dhabi","activity","KidZania Abu Dhabi","abu-dhabi","","","enquiry","Supplier agreement/quote required","No confirmed RAAHHI rate","Exact approved photo required","https://tickets.kidzania.ae/"
"atlantis-aquaventure","activity","Atlantis Aquaventure Waterpark","dubai","","","enquiry","Supplier agreement/quote required","No confirmed RAAHHI rate","Existing media; venue/itinerary photo is not proof of allocated supplier or hotel","https://www.aquaventureworld.com/"
"yas-waterworld","activity","Yas Waterworld","abu-dhabi","","","enquiry","Supplier agreement/quote required","No confirmed RAAHHI rate","Existing media; venue/itinerary photo is not proof of allocated supplier or hotel","https://www.yaswaterworld.com/"
"louvre-abu-dhabi","activity","Louvre Abu Dhabi","abu-dhabi","2026-10-01","Gallery hours; Monday closure","enquiry","Supplier agreement/quote required","No confirmed RAAHHI rate","Existing media; venue/itinerary photo is not proof of allocated supplier or hotel","https://www.louvreabudhabi.ae/en/visit/plan-your-visit/opening-times"
"qasr-al-watan","activity","Qasr Al Watan","abu-dhabi","","","enquiry","Supplier agreement/quote required","No confirmed RAAHHI rate","Existing media; venue/itinerary photo is not proof of allocated supplier or hotel","https://www.qasralwatan.ae/en/plan-your-visit/opening-hours"
"national-aquarium-abu-dhabi","activity","The National Aquarium Abu Dhabi","abu-dhabi","","","enquiry","Supplier agreement/quote required","No confirmed RAAHHI rate","Existing media; venue/itinerary photo is not proof of allocated supplier or hotel","https://www.thenationalaquarium.ae/en"
"hot-air-balloon-dubai","activity","Hot Air Balloon Dubai","dubai","","","enquiry","Supplier agreement/quote required","No confirmed RAAHHI rate","Existing media; venue/itinerary photo is not proof of allocated supplier or hotel","https://www.balloonflights.ae/"
"skydive-dubai-palm","activity","Skydive Dubai — Palm Dropzone","dubai","","","enquiry","Supplier agreement/quote required","No confirmed RAAHHI rate","Existing media; venue/itinerary photo is not proof of allocated supplier or hotel","https://www.skydivedubai.ae/"
"helicopter-tour-dubai","activity","Helicopter Tour Dubai","dubai","","","enquiry","Supplier agreement/quote required","No confirmed RAAHHI rate","Existing media; venue/itinerary photo is not proof of allocated supplier or hotel","https://helidubai.com/"
"luxury-yacht-rental-dubai","activity","Luxury Yacht Rental Dubai","dubai","","","enquiry","Supplier agreement/quote required","No confirmed RAAHHI rate","Existing media; venue/itinerary photo is not proof of allocated supplier or hotel",""
"jebel-jais-zipline","activity","Jebel Jais Zipline","ras-al-khaimah","2026-10-01","Flight and Sky Tour distinction; Published zipline height and weight guidance","enquiry","Supplier agreement/quote required","No confirmed RAAHHI rate","Existing media; venue/itinerary photo is not proof of allocated supplier or hotel","https://www.guinnessworldrecords.com/world-records/67883-longest-zip-wire; https://visitjebeljais.com/play; https://visitjebeljais.com/faqs"
"legoland-dubai","activity","LEGOLAND Dubai","dubai","","","enquiry","Supplier agreement/quote required","No confirmed RAAHHI rate","Existing media; venue/itinerary photo is not proof of allocated supplier or hotel","https://www.dubaiparksandresorts.com/en/legoland-dubai"
"legoland-water-park-dubai","activity","LEGOLAND Water Park Dubai","dubai","","","enquiry","Supplier agreement/quote required","No confirmed RAAHHI rate","Exact approved photo required","https://www.dubaiparksandresorts.com/en"
"motiongate-dubai","activity","MOTIONGATE Dubai","dubai","","","enquiry","Supplier agreement/quote required","No confirmed RAAHHI rate","Existing media; venue/itinerary photo is not proof of allocated supplier or hotel","https://www.dubaiparksandresorts.com/en/motiongatetm-dubai"
"real-madrid-world-dubai","activity","Real Madrid World Dubai","dubai","","","enquiry","Supplier agreement/quote required","No confirmed RAAHHI rate","Existing media; venue/itinerary photo is not proof of allocated supplier or hotel","https://www.dubaiparksandresorts.com/en/realmadridworld"
"dubai-parks-and-resorts-multi-park-pass","activity","Dubai Parks and Resorts 1 or 2 Park Pass","dubai","","","enquiry","Supplier agreement/quote required","No confirmed RAAHHI rate","Existing media; venue/itinerary photo is not proof of allocated supplier or hotel","https://www.dubaiparksandresorts.com/en"
"wild-wadi-water-park","activity","Wild Wadi Water Park","dubai","","","enquiry","Supplier agreement/quote required","No confirmed RAAHHI rate","Existing media; venue/itinerary photo is not proof of allocated supplier or hotel","https://www.wildwadi.com/en"
"aqua-fun-dubai","activity","AquaFun Inflatable Water Park, JBR","dubai","2026-10-01","Official-only ticket policy; Entry eligibility; Official Day Pass access and equipment","official-only","Official purchase only","No confirmed RAAHHI rate","Exact approved photo required","https://aquafun.ae/; https://aquafun.ae/faq"
"aventura-parks-dubai","activity","Aventura Parks High Ropes, Mushrif Park","dubai","","","enquiry","Supplier agreement/quote required","No confirmed RAAHHI rate","Exact approved photo required","https://www.aventuraparks.com/"
"kidzania-dubai","activity","KidZania Dubai at The Dubai Mall","dubai","","","enquiry","Supplier agreement/quote required","No confirmed RAAHHI rate","Exact approved photo required","https://dubai.kidzania.com/en-ae"
"olioli-childrens-play-museum","activity","OliOli Children's Play Museum, Al Quoz","dubai","","","enquiry","Supplier agreement/quote required","No confirmed RAAHHI rate","Exact approved photo required","https://www.olioli.ae/"
"play-dxb","activity","Play DXB VR Park, The Dubai Mall","dubai","","","enquiry","Supplier agreement/quote required","No confirmed RAAHHI rate","Exact approved photo required","https://entertainment.emaar.com/attraction/play-dxb"
"loco-bear-entertainment-hub","activity","Loco Bear Entertainment Hub, Al Quoz","dubai","","","enquiry","Supplier agreement/quote required","No confirmed RAAHHI rate","Exact approved photo required","https://locobear.ae/"
"house-of-hype-dubai","activity","House of Hype, The Dubai Mall","dubai","","","enquiry","Supplier agreement/quote required","No confirmed RAAHHI rate","Exact approved photo required","https://www.house-of-hype.com/"
"3d-world-selfie-museum-dubai","activity","3D World Selfie Museum, Al Quoz","dubai","","","enquiry","Supplier agreement/quote required","No confirmed RAAHHI rate","Exact approved photo required","https://dubai3dworld.com/"
"madame-tussauds-dubai","activity","Madame Tussauds Dubai, Bluewaters","dubai","","","enquiry","Supplier agreement/quote required","No confirmed RAAHHI rate","Exact approved photo required","https://www.madametussauds.com/dubai/"
"sky-views-edge-walk","activity","Sky Views Edge Walk, Downtown Dubai","dubai","","","enquiry","Supplier agreement/quote required","No confirmed RAAHHI rate","Exact approved photo required","https://www.skyviewsdubai.com/edge-walk/"
"ain-dubai","activity","Ain Dubai Observation Wheel, Bluewaters","dubai","","","enquiry","Supplier agreement/quote required","No confirmed RAAHHI rate","Existing media; venue/itinerary photo is not proof of allocated supplier or hotel","https://www.aindubai.com/en"
"the-lost-chambers-aquarium","activity","The Lost World Aquarium at Atlantis, The Palm","dubai","","","enquiry","Supplier agreement/quote required","No confirmed RAAHHI rate","Existing media; venue/itinerary photo is not proof of allocated supplier or hotel","https://www.atlantis.com/dubai/atlantis-aquaventure/lost-chambers-aquarium"
"dolphin-bay-atlantis","activity","Dolphin Bay Encounters at Atlantis, The Palm","dubai","","","enquiry","Supplier agreement/quote required","No confirmed RAAHHI rate","Existing media; venue/itinerary photo is not proof of allocated supplier or hotel","https://atlantis.com/dubai/atlantis-aquaventure/atlas-village"
"dubai-dolphinarium","activity","Dubai Dolphinarium Dolphin and Seal Show","dubai","","","enquiry","Supplier agreement/quote required","No confirmed RAAHHI rate","Existing media; venue/itinerary photo is not proof of allocated supplier or hotel","https://www.dubaidolphinarium.ae/"
"dubai-crocodile-park","activity","Dubai Crocodile Park, Mushrif","dubai","","","enquiry","Supplier agreement/quote required","No confirmed RAAHHI rate","Existing media; venue/itinerary photo is not proof of allocated supplier or hotel","https://dubaicrocodilepark.com/"
"the-green-planet-dubai","activity","The Green Planet Rainforest Bio-Dome, City Walk","dubai","","","enquiry","Supplier agreement/quote required","No confirmed RAAHHI rate","Existing media; venue/itinerary photo is not proof of allocated supplier or hotel","https://www.thegreenplanetdubai.com/"
"dubai-butterfly-garden","activity","Dubai Butterfly Garden, Al Barsha South","dubai","","","enquiry","Supplier agreement/quote required","No confirmed RAAHHI rate","Existing media; venue/itinerary photo is not proof of allocated supplier or hotel","https://www.dubaimiraclegarden.com/butterfly-garden"
"dubai-garden-glow","activity","Dubai Garden Glow, Zabeel Park","dubai","","","enquiry","Supplier agreement/quote required","No confirmed RAAHHI rate","Existing media; venue/itinerary photo is not proof of allocated supplier or hotel","https://www.dubaigardenglow.com/"
"arte-museum-dubai","activity","ARTE Museum Dubai Immersive Digital Art","dubai","","","enquiry","Supplier agreement/quote required","No confirmed RAAHHI rate","Exact approved photo required","https://dubai.artemuseum.com/"
"expo-city-dubai","activity","Expo City Dubai Pavilions Pass","dubai","","","enquiry","Supplier agreement/quote required","No confirmed RAAHHI rate","Existing media; venue/itinerary photo is not proof of allocated supplier or hotel","https://www.expocitydubai.com/en/"
"al-shindagha-museum","activity","Al Shindagha Museum, Dubai Creek","dubai","","","enquiry","Supplier agreement/quote required","No confirmed RAAHHI rate","Existing media; venue/itinerary photo is not proof of allocated supplier or hotel","https://alshindagha.dubaiculture.gov.ae/en/pages/default.aspx"
"mysore-palace-restaurant-dubai","activity","Mysore Palace South Indian Dining, Al Karama","dubai","","","enquiry","Supplier agreement/quote required","No confirmed RAAHHI rate","Exact approved photo required","https://www.instagram.com/mysorepalacerestaurant/"
"chillout-ice-lounge-dubai","activity","Chillout Ice Lounge Dubai","dubai","","","enquiry","Supplier agreement/quote required","No confirmed RAAHHI rate","Exact approved photo required","https://chilloutindubai.com/"
"dubai-ice-rink","activity","Dubai Ice Rink Skating Session","dubai","","","enquiry","Supplier agreement/quote required","No confirmed RAAHHI rate","Existing media; venue/itinerary photo is not proof of allocated supplier or hotel","https://www.dubaiicerink.com/"
"ifly-dubai","activity","iFly Dubai Indoor Skydiving","dubai","","","enquiry","Supplier agreement/quote required","No confirmed RAAHHI rate","Exact approved photo required","https://www.iflyme.com/"
"ski-dubai","activity","Ski Dubai Tickets","dubai","","","enquiry","Supplier agreement/quote required","No confirmed RAAHHI rate","Existing media; venue/itinerary photo is not proof of allocated supplier or hotel","https://www.skidxb.com/"
"overnight-desert-safari-with-hot-air-balloon","activity","Overnight Desert Camp and Sunrise Balloon Flight","dubai","","","enquiry","Supplier agreement/quote required","No confirmed RAAHHI rate","Existing media; venue/itinerary photo is not proof of allocated supplier or hotel","https://www.balloonflights.ae/"
"camel-riding-dubai","activity","Camel Riding in the Dubai Desert","dubai","","","enquiry","Supplier agreement/quote required","No confirmed RAAHHI rate","Existing media; venue/itinerary photo is not proof of allocated supplier or hotel",""
"guided-camel-farm-trip","activity","Guided Camel Farm Visit at Camelicious","dubai","","","enquiry","Supplier agreement/quote required","No confirmed RAAHHI rate","Existing media; venue/itinerary photo is not proof of allocated supplier or hotel","https://www.camelicious.ae/pages/farm-tour"
"horse-riding-dubai","activity","Horse Riding on Dubai's Desert Trails","dubai","","","enquiry","Supplier agreement/quote required","No confirmed RAAHHI rate","Existing media; venue/itinerary photo is not proof of allocated supplier or hotel","https://www.visitdubai.com/en/places-to-visit/hatta-horses"
"hatta-mountain-safari","activity","Hatta Mountain Safari from Dubai","dubai","","","enquiry","Supplier agreement/quote required","No confirmed RAAHHI rate","Existing media; venue/itinerary photo is not proof of allocated supplier or hotel","https://www.visitdubai.com/en/things-to-do/itineraries/2-day-trip-to-hatta"
"hatta-wadi-hub-activities","activity","Hatta Wadi Hub Activities and Packages","dubai","","","enquiry","Supplier agreement/quote required","No confirmed RAAHHI rate","Existing media; venue/itinerary photo is not proof of allocated supplier or hotel","https://www.visithatta.com/en"
"the-dubai-balloon-at-atlantis","activity","The Dubai Balloon at Atlantis","dubai","","","enquiry","Supplier agreement/quote required","No confirmed RAAHHI rate","Exact approved photo required","https://thedubaiballoon.com/"
"gyrocopter-flight-dubai","activity","Gyrocopter Flight over Dubai Marina and the Palm","dubai","","","enquiry","Supplier agreement/quote required","No confirmed RAAHHI rate","Exact approved photo required","https://www.skydivedubai.ae/experiences/gyrocopter-flight"
"xline-dubai-marina","activity","XLine Dubai Marina Zipline","dubai","","","enquiry","Supplier agreement/quote required","No confirmed RAAHHI rate","Existing media; venue/itinerary photo is not proof of allocated supplier or hotel","https://www.xdubai.com/x-line"
"full-day-dubai-city-tour","activity","Full-Day Dubai City Tour with Monorail and Abra","dubai","","","enquiry","Supplier agreement/quote required","No confirmed RAAHHI rate","Existing media; venue/itinerary photo is not proof of allocated supplier or hotel",""
"big-bus-tour-dubai","activity","Big Bus Dubai Hop-On Hop-Off Tour","dubai","","","enquiry","Supplier agreement/quote required","No confirmed RAAHHI rate","Existing media; venue/itinerary photo is not proof of allocated supplier or hotel","https://www.bigbustours.com/en/dubai/dubai-bus-tours"
"6-emirates-in-a-day-tour","activity","6 Emirates in a Day Tour from Dubai","dubai","","","enquiry","Supplier agreement/quote required","No confirmed RAAHHI rate","Existing media; venue/itinerary photo is not proof of allocated supplier or hotel",""
"sharjah-city-tour-from-dubai","activity","Sharjah City Tour from Dubai","dubai","","","enquiry","Supplier agreement/quote required","No confirmed RAAHHI rate","Existing media; venue/itinerary photo is not proof of allocated supplier or hotel",""
"al-ain-city-tour","activity","Al Ain City Tour from Dubai","abu-dhabi","","","enquiry","Supplier agreement/quote required","No confirmed RAAHHI rate","Existing media; venue/itinerary photo is not proof of allocated supplier or hotel",""
"fujairah-east-coast-tour","activity","Fujairah and East Coast Tour from Dubai","dubai","","","enquiry","Supplier agreement/quote required","No confirmed RAAHHI rate","Existing media; venue/itinerary photo is not proof of allocated supplier or hotel",""
"khasab-musandam-tour","activity","Khasab (Musandam) Dhow Tour from Dubai","dubai","","","enquiry","Supplier agreement/quote required","No confirmed RAAHHI rate","Existing media; venue/itinerary photo is not proof of allocated supplier or hotel","https://visitmusandam.com/tour/musandam-khasab-tour/"
"abu-dhabi-cultural-heritage-tour","activity","Abu Dhabi Cultural Heritage Tour from Dubai","abu-dhabi","","","enquiry","Supplier agreement/quote required","No confirmed RAAHHI rate","Existing media; venue/itinerary photo is not proof of allocated supplier or hotel","https://www.qasralwatan.ae/en/"
"heritage-street-food-tour-dubai","activity","Heritage Street Food Walk, Al Seef","dubai","","","enquiry","Supplier agreement/quote required","No confirmed RAAHHI rate","Existing media; venue/itinerary photo is not proof of allocated supplier or hotel",""
"inside-burj-al-arab-guided-tour","activity","Inside Burj Al Arab Guided Tour","dubai","","","enquiry","Supplier agreement/quote required","No confirmed RAAHHI rate","Existing media; venue/itinerary photo is not proof of allocated supplier or hotel","https://mediahub.jumeirah.com/jumeirah-burj-al-arab-to-undergo-phased-restoration-programme-to-preserve-the-legacy-of-the-icon/?lang=eng"
"the-palm-monorail","activity","The Palm Monorail Ticket","dubai","","","enquiry","Supplier agreement/quote required","No confirmed RAAHHI rate","Existing media; venue/itinerary photo is not proof of allocated supplier or hotel","https://www.palmmonorail.com/"
"wonder-bus-dubai","activity","Wonder Bus Dubai: Amphibious Road and Creek Tour","dubai","","","enquiry","Supplier agreement/quote required","No confirmed RAAHHI rate","Exact approved photo required","https://wonderbus.ae/"
"lotus-mega-yacht-brunch-cruise","activity","Lotus Mega Yacht Brunch Cruise, Dubai Marina","dubai","","","enquiry","Supplier agreement/quote required","No confirmed RAAHHI rate","Existing media; venue/itinerary photo is not proof of allocated supplier or hotel","https://lotusyacht.com/"
"lotus-mega-yacht-dinner-cruise","activity","Lotus Mega Yacht Dinner Cruise, Dubai Marina","dubai","","","enquiry","Supplier agreement/quote required","No confirmed RAAHHI rate","Exact approved photo required","https://lotusyacht.com/shop/booking/dinner-cruise-dubai/"
"lotus-mega-yacht-sunset-cruise","activity","Lotus Mega Yacht Sunset Cruise, Dubai Marina","dubai","","","enquiry","Supplier agreement/quote required","No confirmed RAAHHI rate","Exact approved photo required","https://lotusyacht.com/"
"ocean-empress-dinner-cruise","activity","Ocean Empress Dinner Cruise, Dubai Marina","dubai","","","enquiry","Supplier agreement/quote required","No confirmed RAAHHI rate","Exact approved photo required","https://lotusyacht.com/shop/booking/ocean-empress-dinner-cruise-standard/"
"palm-dinner-cruise","activity","Palm Dinner Cruise from Palm Views East Marina","dubai","","","enquiry","Supplier agreement/quote required","No confirmed RAAHHI rate","Exact approved photo required",""
"dubai-canal-cruise","activity","Dubai Canal Dinner Cruise from Festival City","dubai","","","enquiry","Supplier agreement/quote required","No confirmed RAAHHI rate","Existing media; venue/itinerary photo is not proof of allocated supplier or hotel","https://dubaipass.visitdubai.com/us/dubaipass/attractions/sightseeing-and-day-tours/amazon-tour-canal-cruise/"
"xclusive-dinner-cruise","activity","Xclusive Dinner Cruise, Dubai Marina","dubai","","","enquiry","Supplier agreement/quote required","No confirmed RAAHHI rate","Exact approved photo required","https://xclusiveyachts.com/sunset-dinner-cruise-dubai/"
"xclusive-shared-yacht-tour","activity","Xclusive Shared Yacht Tour, Dubai Marina","dubai","","","enquiry","Supplier agreement/quote required","No confirmed RAAHHI rate","Existing media; venue/itinerary photo is not proof of allocated supplier or hotel","https://xclusiveyachts.com/yacht-share-tours-dubai/"
"xclusive-sunset-cruise","activity","Xclusive Sunset Cruise, Dubai Marina","dubai","","","enquiry","Supplier agreement/quote required","No confirmed RAAHHI rate","Exact approved photo required","https://xclusiveyachts.com/sunset-dinner-cruise-dubai/"
"xclusive-superyacht-experience","activity","Xclusive Superyacht Experience, Dubai Harbour","dubai","","","enquiry","Supplier agreement/quote required","No confirmed RAAHHI rate","Exact approved photo required","https://xclusiveyachts.com/super-yacht-experience-dubai-tour/"
"sky-walker-shared-yacht-tour","activity","Sky Walker Shared Yacht Tour, Dubai Harbour","dubai","","","enquiry","Supplier agreement/quote required","No confirmed RAAHHI rate","Exact approved photo required","https://skywalkertours.ae/en-US"
"bristol-private-yacht-charter","activity","Bristol Private Yacht Charter, Dubai Marina","dubai","","","enquiry","Supplier agreement/quote required","No confirmed RAAHHI rate","Exact approved photo required","https://www.bristolcharter.net/"
"bristol-shared-yacht-charter","activity","Bristol Shared Yacht Cruise, Dubai Marina","dubai","","","enquiry","Supplier agreement/quote required","No confirmed RAAHHI rate","Exact approved photo required","https://www.bristolcharter.net/"
"love-boat-speedboat-ride-dubai","activity","Love Boat Speedboat Ride, Dubai Marina","dubai","","","enquiry","Supplier agreement/quote required","No confirmed RAAHHI rate","Exact approved photo required","https://loveboatsuae.com/speed-boat-tour/"
"sunseeker-superyacht-experience","activity","Sunseeker Superyacht Cruise, Dubai","dubai","","","enquiry","Supplier agreement/quote required","No confirmed RAAHHI rate","Exact approved photo required","https://xclusiveyachts.com/sunseeker-superyacht-experience-dubai/"
"dubai-marina-yacht-party","activity","Dubai Marina Yacht Party Cruise","dubai","","","enquiry","Supplier agreement/quote required","No confirmed RAAHHI rate","Existing media; venue/itinerary photo is not proof of allocated supplier or hotel","https://xclusiveyachts.com/yacht-party-dubai/"
"new-years-eve-cruises-dubai-marina","activity","New Year's Eve Cruises, Dubai Marina","dubai","","","enquiry","Supplier agreement/quote required","No confirmed RAAHHI rate","Exact approved photo required","https://lotusyacht.com/product-category/booking/"
"deep-sea-cruising-dubai","activity","Deep Sea Cruising from Dubai Marina","dubai","","","enquiry","Supplier agreement/quote required","No confirmed RAAHHI rate","Existing media; venue/itinerary photo is not proof of allocated supplier or hotel",""
"deep-sea-fishing-dubai","activity","Deep Sea Fishing Trip from Dubai Marina","dubai","","","enquiry","Supplier agreement/quote required","No confirmed RAAHHI rate","Existing media; venue/itinerary photo is not proof of allocated supplier or hotel",""
"black-boat-tour-dubai","activity","The Black Boats Speedboat Tour, Dubai Marina","dubai","","","enquiry","Supplier agreement/quote required","No confirmed RAAHHI rate","Exact approved photo required","https://theblackboats.com/"
"yellow-boats-dubai","activity","The Yellow Boats Sightseeing Ride, Dubai Marina","dubai","","","enquiry","Supplier agreement/quote required","No confirmed RAAHHI rate","Existing media; venue/itinerary photo is not proof of allocated supplier or hotel","https://theyellowboats.com/locations/dubai-tours/"
"splash-boat-tour-dubai","activity","Splash Boat RIB Tour, Dubai Marina","dubai","","","enquiry","Supplier agreement/quote required","No confirmed RAAHHI rate","Existing media; venue/itinerary photo is not proof of allocated supplier or hotel",""
"dubai-fountain-lake-ride","activity","Dubai Fountain Lake Ride, Burj Lake","dubai","","","enquiry","Supplier agreement/quote required","No confirmed RAAHHI rate","Existing media; venue/itinerary photo is not proof of allocated supplier or hotel","https://www.emaar.com/en/dubai-fountain"
"adventure-zone-seakart-ride","activity","Adventure Zone Seakart Ride, Dubai Marina","dubai","","","enquiry","Supplier agreement/quote required","No confirmed RAAHHI rate","Exact approved photo required","https://adventurezonedubai.com/"
"banana-boat-ride-dubai","activity","Banana Boat Ride, Palm Jumeirah","dubai","","","enquiry","Supplier agreement/quote required","No confirmed RAAHHI rate","Existing media; venue/itinerary photo is not proof of allocated supplier or hotel",""
"donut-ride-dubai","activity","Donut Ride, Palm Jumeirah","dubai","","","enquiry","Supplier agreement/quote required","No confirmed RAAHHI rate","Exact approved photo required",""
"jet-ski-dubai","activity","Jet Ski Morning Ride from JBR, Dubai","dubai","","","enquiry","Supplier agreement/quote required","No confirmed RAAHHI rate","Existing media; venue/itinerary photo is not proof of allocated supplier or hotel",""
"jet-car-dubai","activity","Jet Car Ride, Dubai Marina","dubai","","","enquiry","Supplier agreement/quote required","No confirmed RAAHHI rate","Exact approved photo required",""
"jetovator-dubai","activity","Jetovator Water Bike Ride, Dubai","dubai","","","enquiry","Supplier agreement/quote required","No confirmed RAAHHI rate","Exact approved photo required",""
"jetpack-dubai","activity","Water Jetpack Session, Palm Jumeirah","dubai","","","enquiry","Supplier agreement/quote required","No confirmed RAAHHI rate","Exact approved photo required","https://hydro-watersports.com/jetpack/"
"flyboarding-dubai","activity","Flyboarding Session, Palm Jumeirah","dubai","","","enquiry","Supplier agreement/quote required","No confirmed RAAHHI rate","Existing media; venue/itinerary photo is not proof of allocated supplier or hotel",""
"e-foil-dubai","activity","E-Foil Session at FIVE Palm Jumeirah","dubai","","","enquiry","Supplier agreement/quote required","No confirmed RAAHHI rate","Exact approved photo required","https://palmjumeirah.fivehotelsandresorts.com/things-to-do/five-styled-watersports/"
"kayaking-dubai","activity","Sea Kayaking off Palm Jumeirah","dubai","","","enquiry","Supplier agreement/quote required","No confirmed RAAHHI rate","Existing media; venue/itinerary photo is not proof of allocated supplier or hotel",""
"wakeboarding-dubai","activity","Wakeboarding Session at FIVE LUXE JBR","dubai","","","enquiry","Supplier agreement/quote required","No confirmed RAAHHI rate","Existing media; venue/itinerary photo is not proof of allocated supplier or hotel","https://luxejbr.fivehotelsandresorts.com/things-to-do/watersports/"
"surf-high-experience-dubai","activity","Surf High: Wakeboard, Wake Surf or E-Foil","dubai","","","enquiry","Supplier agreement/quote required","No confirmed RAAHHI rate","Exact approved photo required",""
"parasailing-dubai","activity","Parasailing over the Dubai Coast","dubai","","","enquiry","Supplier agreement/quote required","No confirmed RAAHHI rate","Existing media; venue/itinerary photo is not proof of allocated supplier or hotel",""
"deep-dive-dubai","activity","Deep Dive Dubai: Scuba or Snorkel the Sunken City","dubai","","","enquiry","Supplier agreement/quote required","No confirmed RAAHHI rate","Existing media; venue/itinerary photo is not proof of allocated supplier or hotel","https://www.deepdivedubai.com/"
"dubai-airport-transfer","activity","Dubai Airport (DXB) Pick-up or Drop-off","dubai","","","enquiry","Supplier agreement/quote required","No confirmed RAAHHI rate","Existing media; venue/itinerary photo is not proof of allocated supplier or hotel",""
"dubai-abu-dhabi-airport-transfer","activity","Dubai Airport to Abu Dhabi Transfer","dubai","","","enquiry","Supplier agreement/quote required","No confirmed RAAHHI rate","Existing media; venue/itinerary photo is not proof of allocated supplier or hotel",""
"al-maktoum-dwc-airport-transfer","activity","Al Maktoum Airport (DWC) Private Transfer","dubai","","","enquiry","Supplier agreement/quote required","No confirmed RAAHHI rate","Existing media; venue/itinerary photo is not proof of allocated supplier or hotel",""
"dubai-airport-to-ras-al-khaimah-transfer","activity","Dubai Airport to Ras Al Khaimah Transfer","dubai","","","enquiry","Supplier agreement/quote required","No confirmed RAAHHI rate","Exact approved photo required",""
"intercity-private-transfer-uae","activity","Private Intercity Transfer Between Emirates","dubai","","","enquiry","Supplier agreement/quote required","No confirmed RAAHHI rate","Exact approved photo required",""
"dubai-intracity-transfer","activity","Dubai In-City Transfer, One-Way or Return","dubai","","","enquiry","Supplier agreement/quote required","No confirmed RAAHHI rate","Exact approved photo required",""
"shared-transfers-to-uae-attractions","activity","Shared Coach Transfers to UAE Attractions","dubai","","","enquiry","Supplier agreement/quote required","No confirmed RAAHHI rate","Exact approved photo required",""
"private-vehicle-with-driver","activity","Private Car with Driver in Dubai, Half or Full Day","dubai","","","enquiry","Supplier agreement/quote required","No confirmed RAAHHI rate","Exact approved photo required",""
"private-limousine-rental-dubai","activity","Private Limousine Hire in Dubai","dubai","","","enquiry","Supplier agreement/quote required","No confirmed RAAHHI rate","Exact approved photo required",""
"atlantis-lunch-or-dinner","activity","Lunch or Dinner at Atlantis, The Palm","dubai","","","enquiry","Supplier agreement/quote required","No confirmed RAAHHI rate","Existing media; venue/itinerary photo is not proof of allocated supplier or hotel","https://www.atlantis.com/dubai/atlantis-the-palm/dining"
"burj-al-arab-dining","activity","Dining at Sahn Eddar, Burj Al Arab","dubai","","","enquiry","Supplier agreement/quote required","No confirmed RAAHHI rate","Exact approved photo required","https://www.jumeirah.com/en/stay/dubai/jumeirah-burj-al-arab-a-jumeirah-icon"
"dinner-in-the-sky-dubai","activity","Dinner in the Sky Dubai","dubai","","","enquiry","Supplier agreement/quote required","No confirmed RAAHHI rate","Exact approved photo required","https://dinnerinthesky.ae/"
"private-bespoke-desert-dinner","activity","Private Bespoke Desert Dinner for Two","dubai","","","enquiry","Supplier agreement/quote required","No confirmed RAAHHI rate","Exact approved photo required","https://www.nara.ae/occasions-romantic/"
"la-perle-by-dragone","activity","La Perle by Dragone Show Tickets","dubai","","","enquiry","Supplier agreement/quote required","No confirmed RAAHHI rate","Exact approved photo required","https://www.laperle.com/en"
"golf-at-emirates-golf-club","activity","Golf at Emirates Golf Club","dubai","","","enquiry","Supplier agreement/quote required","No confirmed RAAHHI rate","Existing media; venue/itinerary photo is not proof of allocated supplier or hotel","https://www.dubaigolf.com/emirates-golf-club/"
"yas-island-theme-parks-pass","activity","Yas Island Theme Parks Pass","abu-dhabi","","","enquiry","Supplier agreement/quote required","No confirmed RAAHHI rate","Existing media; venue/itinerary photo is not proof of allocated supplier or hotel","https://www.yasisland.com/en/theme-parks"
"teamlab-phenomena-abu-dhabi","activity","teamLab Phenomena Abu Dhabi","abu-dhabi","","","enquiry","Supplier agreement/quote required","No confirmed RAAHHI rate","Existing media; venue/itinerary photo is not proof of allocated supplier or hotel","https://www.teamlab.art/e/phenomena/"
"snow-abu-dhabi","activity","Snow Abu Dhabi at Reem Mall","abu-dhabi","","","enquiry","Supplier agreement/quote required","No confirmed RAAHHI rate","Exact approved photo required","https://www.reemmall.ae/en/snow-abu-dhabi"
"emirates-park-zoo","activity","Emirates Park Zoo Abu Dhabi","abu-dhabi","","","enquiry","Supplier agreement/quote required","No confirmed RAAHHI rate","Existing media; venue/itinerary photo is not proof of allocated supplier or hotel","https://www.emiratesparkzooandresort.com/"
"al-ain-zoo","activity","Al Ain Zoo and Al Ain Safari","abu-dhabi","","","enquiry","Supplier agreement/quote required","No confirmed RAAHHI rate","Existing media; venue/itinerary photo is not proof of allocated supplier or hotel","https://www.alainzoo.com/"
"natural-history-museum-abu-dhabi","activity","Natural History Museum Abu Dhabi","abu-dhabi","","","enquiry","Supplier agreement/quote required","No confirmed RAAHHI rate","Existing media; venue/itinerary photo is not proof of allocated supplier or hotel","https://www.nhmad.ae/en"
"zayed-national-museum","activity","Zayed National Museum","abu-dhabi","","","enquiry","Supplier agreement/quote required","No confirmed RAAHHI rate","Existing media; venue/itinerary photo is not proof of allocated supplier or hotel","https://zayednationalmuseum.ae/en/"
"emirates-national-auto-museum","activity","Emirates National Auto Museum with Transfer","abu-dhabi","","","enquiry","Supplier agreement/quote required","No confirmed RAAHHI rate","Existing media; venue/itinerary photo is not proof of allocated supplier or hotel","https://visitabudhabi.ae/en/things-to-do/culture/museums-and-art/emirates-national-auto-museum"
"sunrise-desert-safari-abu-dhabi","activity","Sunrise Desert Safari, Al Khatim (Abu Dhabi)","abu-dhabi","","","enquiry","Supplier agreement/quote required","No confirmed RAAHHI rate","Existing media; venue/itinerary photo is not proof of allocated supplier or hotel",""
"camel-trekking-abu-dhabi","activity","Camel Trekking in the Abu Dhabi Desert","abu-dhabi","","","enquiry","Supplier agreement/quote required","No confirmed RAAHHI rate","Existing media; venue/itinerary photo is not proof of allocated supplier or hotel",""
"quad-biking-abu-dhabi","activity","Quad Biking in the Abu Dhabi Desert","abu-dhabi","","","enquiry","Supplier agreement/quote required","No confirmed RAAHHI rate","Exact approved photo required",""
"morning-dune-buggy-and-quad-bike-abu-dhabi","activity","Abu Dhabi Morning Desert Ride: Dune Buggy or Quad","abu-dhabi","","","enquiry","Supplier agreement/quote required","No confirmed RAAHHI rate","Existing media; venue/itinerary photo is not proof of allocated supplier or hotel",""
"al-ain-adventure","activity","Al Ain Adventure Water Park Entry","abu-dhabi","","","enquiry","Supplier agreement/quote required","No confirmed RAAHHI rate","Exact approved photo required","https://www.alainadventure.com/"
"jet-ski-abu-dhabi","activity","Guided Jet Ski Ride on the Abu Dhabi Corniche","abu-dhabi","","","enquiry","Supplier agreement/quote required","No confirmed RAAHHI rate","Existing media; venue/itinerary photo is not proof of allocated supplier or hotel",""
"kayaking-abu-dhabi","activity","Kayaking Session in Abu Dhabi","abu-dhabi","","","enquiry","Supplier agreement/quote required","No confirmed RAAHHI rate","Existing media; venue/itinerary photo is not proof of allocated supplier or hotel",""
"helicopter-ride-abu-dhabi","activity","Helicopter Sightseeing Flight over Abu Dhabi","abu-dhabi","","","enquiry","Supplier agreement/quote required","No confirmed RAAHHI rate","Exact approved photo required","https://falconhelitours.com/"
"half-day-abu-dhabi-city-tour","activity","Half-Day Abu Dhabi City Tour","abu-dhabi","","","enquiry","Supplier agreement/quote required","No confirmed RAAHHI rate","Existing media; venue/itinerary photo is not proof of allocated supplier or hotel",""
"big-bus-tour-abu-dhabi","activity","Big Bus Hop-On Hop-Off Tour, Abu Dhabi","abu-dhabi","","","enquiry","Supplier agreement/quote required","No confirmed RAAHHI rate","Existing media; venue/itinerary photo is not proof of allocated supplier or hotel","https://www.bigbustours.com/en/abu-dhabi/abu-dhabi-bus-tours"
"yas-marina-circuit-tour","activity","Yas Marina Circuit Venue Tour","abu-dhabi","","","enquiry","Supplier agreement/quote required","No confirmed RAAHHI rate","Existing media; venue/itinerary photo is not proof of allocated supplier or hotel","https://www.yasmarinacircuit.com/en/tours"
"dubai-city-tour-from-abu-dhabi","activity","Dubai City Tour from Abu Dhabi","dubai","","","enquiry","Supplier agreement/quote required","No confirmed RAAHHI rate","Existing media; venue/itinerary photo is not proof of allocated supplier or hotel",""
"qasr-al-hosn","activity","Qasr Al Hosn Entry Ticket","abu-dhabi","","","enquiry","Supplier agreement/quote required","No confirmed RAAHHI rate","Existing media; venue/itinerary photo is not proof of allocated supplier or hotel","https://qasralhosn.ae/en/plan-your-visit/"
"martabaan-by-hemant-oberoi-emirates-palace","activity","Martabaan by Hemant Oberoi Set Menu, Emirates Palace","abu-dhabi","","","enquiry","Supplier agreement/quote required","No confirmed RAAHHI rate","Existing media; venue/itinerary photo is not proof of allocated supplier or hotel","https://www.mandarinoriental.com/en/abu-dhabi/emirates-palace/dine/martabaan-by-hemant-oberoi"
"dhow-cruise-abu-dhabi","activity","Dhow Dinner Cruise on the Abu Dhabi Corniche","abu-dhabi","","","enquiry","Supplier agreement/quote required","No confirmed RAAHHI rate","Exact approved photo required",""
"deep-sea-cruising-abu-dhabi","activity","Deep Sea Cruising, Abu Dhabi","abu-dhabi","","","enquiry","Supplier agreement/quote required","No confirmed RAAHHI rate","Exact approved photo required",""
"deep-sea-fishing-abu-dhabi","activity","Deep Sea Fishing, Abu Dhabi","abu-dhabi","","","enquiry","Supplier agreement/quote required","No confirmed RAAHHI rate","Exact approved photo required",""
"yellow-boats-abu-dhabi","activity","Yellow Boats Sightseeing Ride, Abu Dhabi","abu-dhabi","","","enquiry","Supplier agreement/quote required","No confirmed RAAHHI rate","Exact approved photo required","https://theyellowboats.com/locations/abu-dhabi-tours/"
"abu-dhabi-airport-transfer","activity","Abu Dhabi Airport Private Transfer","abu-dhabi","","","enquiry","Supplier agreement/quote required","No confirmed RAAHHI rate","Existing media; venue/itinerary photo is not proof of allocated supplier or hotel","https://www.adairports.ae/en/our-expertise/zayed-international"
"camel-riding-ras-al-khaimah","activity","Camel Riding, Ras Al Khaimah Desert","ras-al-khaimah","","","enquiry","Supplier agreement/quote required","No confirmed RAAHHI rate","Existing media; venue/itinerary photo is not proof of allocated supplier or hotel",""
"overnight-desert-camping-ras-al-khaimah","activity","Overnight Desert Camp, Ras Al Khaimah","ras-al-khaimah","","","enquiry","Supplier agreement/quote required","No confirmed RAAHHI rate","Existing media; venue/itinerary photo is not proof of allocated supplier or hotel","https://visitrasalkhaimah.com/discover/activities/bedouin-oasis-camp/"
"desert-safari-with-dinner-ras-al-khaimah","activity","Desert Safari with BBQ Dinner, Ras Al Khaimah","ras-al-khaimah","","","enquiry","Supplier agreement/quote required","No confirmed RAAHHI rate","Existing media; venue/itinerary photo is not proof of allocated supplier or hotel",""
"quad-biking-ras-al-khaimah","activity","Quad Biking, Ras Al Khaimah Desert","ras-al-khaimah","","","enquiry","Supplier agreement/quote required","No confirmed RAAHHI rate","Existing media; venue/itinerary photo is not proof of allocated supplier or hotel",""
"hot-air-balloon-ras-al-khaimah","activity","Sunrise Tethered Hot Air Balloon, Ras Al Khaimah","ras-al-khaimah","","","enquiry","Supplier agreement/quote required","No confirmed RAAHHI rate","Exact approved photo required",""
"house-of-pearls-suwaidi-pearl-farm","activity","House of Pearls by Suwaidi Pearls, Al Rams","ras-al-khaimah","","","enquiry","Supplier agreement/quote required","No confirmed RAAHHI rate","Existing media; venue/itinerary photo is not proof of allocated supplier or hotel","https://suwaidipearls.ae/"
"dubai-grand-stopover","holiday","Dubai Grand Stopover Experience","dubai","","","enquiry","Supplier agreement/quote required","No confirmed RAAHHI rate","Existing media; venue/itinerary photo is not proof of allocated supplier or hotel",""
"ultimate-dubai-explorer","holiday","Ultimate Dubai Explorer","dubai","","","enquiry","Supplier agreement/quote required","No confirmed RAAHHI rate","Existing media; venue/itinerary photo is not proof of allocated supplier or hotel",""
"dubai-premium-kosher","holiday","Dubai Premium Explorer — Kosher Journey","dubai","","","enquiry","Supplier agreement/quote required","No confirmed RAAHHI rate","Existing media; venue/itinerary photo is not proof of allocated supplier or hotel",""
"dubai-sky-sea-adventure","holiday","Dubai Sky Sea Adventure Escape","dubai","","","enquiry","Supplier agreement/quote required","No confirmed RAAHHI rate","Existing media; venue/itinerary photo is not proof of allocated supplier or hotel",""
"dubai-jain-comfort","holiday","Dubai Jain Comfort Getaway","dubai","","","enquiry","Supplier agreement/quote required","No confirmed RAAHHI rate","Existing media; venue/itinerary photo is not proof of allocated supplier or hotel",""
"dubai-group-indian-meals","holiday","Dubai Group Departures with Indian Meals","dubai","","","enquiry","Supplier agreement/quote required","No confirmed RAAHHI rate","Existing media; venue/itinerary photo is not proof of allocated supplier or hotel",""
"dubai-easter-short-break","holiday","Dubai Easter Short Break","dubai","","","enquiry","Supplier agreement/quote required","No confirmed RAAHHI rate","Existing media; venue/itinerary photo is not proof of allocated supplier or hotel",""
"abu-dhabi-stay-play","holiday","Abu Dhabi Stay and Play Luxury","abu-dhabi","","","enquiry","Supplier agreement/quote required","No confirmed RAAHHI rate","Existing media; venue/itinerary photo is not proof of allocated supplier or hotel",""
"abu-dhabi-grand-with-dubai-day","holiday","Abu Dhabi Grand Experiences with Dubai Day Tour","abu-dhabi","","","enquiry","Supplier agreement/quote required","No confirmed RAAHHI rate","Existing media; venue/itinerary photo is not proof of allocated supplier or hotel",""
"abu-dhabi-express-getaway","holiday","Abu Dhabi Express Getaway","abu-dhabi","","","enquiry","Supplier agreement/quote required","No confirmed RAAHHI rate","Existing media; venue/itinerary photo is not proof of allocated supplier or hotel",""
"abu-dhabi-explorer-dubai-iconic","holiday","Abu Dhabi Explorer and Dubai Iconic Tour","abu-dhabi","","","enquiry","Supplier agreement/quote required","No confirmed RAAHHI rate","Existing media; venue/itinerary photo is not proof of allocated supplier or hotel",""
"ufc-arena-stay","holiday","UFC Arena Stay with Event Tickets","abu-dhabi","","","enquiry","Supplier agreement/quote required","No confirmed RAAHHI rate","Existing media; venue/itinerary photo is not proof of allocated supplier or hotel",""
"dubai-marina-overnight","holiday","Dubai Marina Overnight Escape","dubai","","","enquiry","Supplier agreement/quote required","No confirmed RAAHHI rate","Existing media; venue/itinerary photo is not proof of allocated supplier or hotel","https://www.raynatours.com/dubai-packages/dubai-stopover-delight-545"
"dubai-skyline-overnight","holiday","Dubai Skyline Overnight Escape","dubai","","","enquiry","Supplier agreement/quote required","No confirmed RAAHHI rate","Existing media; venue/itinerary photo is not proof of allocated supplier or hotel","https://www.raynatours.com/dubai-packages/dubai-stopover-express-544"
"dubai-gardens-seasonal-escape","holiday","Dubai Gardens and Seasonal Escape","dubai","","","enquiry","Supplier agreement/quote required","No confirmed RAAHHI rate","Existing media; venue/itinerary photo is not proof of allocated supplier or hotel","https://www.raynatours.com/dubai-packages/dubai-seasonal-stopover-546"
"dubai-city-safari-value","holiday","Dubai City and Safari Value Holiday","dubai","","","enquiry","Supplier agreement/quote required","No confirmed RAAHHI rate","Existing media; venue/itinerary photo is not proof of allocated supplier or hotel","https://www.raynatours.com/dubai-packages/super-saver-dubai-holiday-541"
"dubai-downtown-discovery","holiday","Dubai Downtown Discovery","dubai","","","enquiry","Supplier agreement/quote required","No confirmed RAAHHI rate","Existing media; venue/itinerary photo is not proof of allocated supplier or hotel","https://www.raynatours.com/dubai-packages/dubai-budget-explorer-with-dubai-mall-attractions-543"
"dubai-waterpark-city-explorer","holiday","Dubai Waterpark and City Explorer","dubai","","","enquiry","Supplier agreement/quote required","No confirmed RAAHHI rate","Existing media; venue/itinerary photo is not proof of allocated supplier or hotel","https://www.raynatours.com/dubai-packages/dubai-complete-experience-551"
"dubai-family-discovery-waterpark","holiday","Dubai Family Discovery with Waterpark","dubai","","","enquiry","Supplier agreement/quote required","No confirmed RAAHHI rate","Existing media; venue/itinerary photo is not proof of allocated supplier or hotel","https://www.raynatours.com/dubai-packages/dubai-little-explorers-kids-holiday-package-552"
"dubai-family-theme-park-week","holiday","Dubai Family Theme-Park Week","dubai","","","enquiry","Supplier agreement/quote required","No confirmed RAAHHI rate","Existing media; venue/itinerary photo is not proof of allocated supplier or hotel","https://www.raynatours.com/dubai-packages/dubai-kids-adventure-and-theme-park-holiday-package-553"
"ras-al-khaimah-coast-heritage","holiday","Ras Al Khaimah Coast and Heritage","ras-al-khaimah","","","enquiry","Supplier agreement/quote required","No confirmed RAAHHI rate","Existing media; venue/itinerary photo is not proof of allocated supplier or hotel","https://www.raynatours.com/ras-al-khaimah-packages/ras-al-khaimah-wonders-with-all-inclusive-city-tour-219"
"ras-al-khaimah-safari-short-break","holiday","Ras Al Khaimah Safari Short Break","ras-al-khaimah","","","enquiry","Supplier agreement/quote required","No confirmed RAAHHI rate","Existing media; venue/itinerary photo is not proof of allocated supplier or hotel","https://www.raynatours.com/ras-al-khaimah-packages/ras-al-khaimah-central-stay-with-desert-safari-220"
"ras-al-khaimah-mountain-coast","holiday","Ras Al Khaimah Mountain and Coast","ras-al-khaimah","","","enquiry","Supplier agreement/quote required","No confirmed RAAHHI rate","Existing media; venue/itinerary photo is not proof of allocated supplier or hotel","https://www.raynatours.com/ras-al-khaimah-packages/epic-ras-al-khaimah-adventure-with-the-worlds-longest-zipline-218"
"ras-al-khaimah-coastal-safari","holiday","Ras Al Khaimah Coastal Safari Escape","ras-al-khaimah","","","enquiry","Supplier agreement/quote required","No confirmed RAAHHI rate","Existing media; venue/itinerary photo is not proof of allocated supplier or hotel","https://www.raynatours.com/ras-al-khaimah-packages/sensational-ras-al-khaimah-getaway-with-desert-safari-217"
"ras-al-khaimah-heritage-desert","holiday","Ras Al Khaimah Heritage and Desert","ras-al-khaimah","","","enquiry","Supplier agreement/quote required","No confirmed RAAHHI rate","Existing media; venue/itinerary photo is not proof of allocated supplier or hotel","https://www.raynatours.com/ras-al-khaimah-packages/ras-al-khaimah-heritage-escape-with-city-tour-and-desert-safari-222"
"ras-al-khaimah-zipline-safari","holiday","Ras Al Khaimah Zipline and Safari","ras-al-khaimah","","","enquiry","Supplier agreement/quote required","No confirmed RAAHHI rate","Existing media; venue/itinerary photo is not proof of allocated supplier or hotel","https://www.raynatours.com/ras-al-khaimah-packages/sleek-ras-al-khaimah-stay-with-jais-zipline-and-desert-safari-221"
