"id","title","destination","category","referenceWebsite","requiredPhoto","permissionEvidence","status","checkedRestrictionSource","licensedPhotoSearchCheckedOn","licensedPhotoSearchResult","licensedCandidateSource"
"play-dxb","Play DXB VR Park, The Dubai Mall","dubai","Theme Parks","https://entertainment.emaar.com/attraction/play-dxb","Exact current venue and its main experience; no images of a different branch or location","Rights-holder confirmation permitting RAAHHI commercial website promotion, hosting, resizing and WebP conversion; required credit and any expiry or restrictions","Representative photo implemented; exact venue/operator photo remains optional","https://unsplash.com/license","2026-10-03","Representative VR gaming photograph. The photo does not show Play DXB or its particular rides.","https://unsplash.com/photos/a-man-wearing-a-virtual-reality-headset-ushqi5-V5gw"
"loco-bear-entertainment-hub","Loco Bear Entertainment Hub, Al Quoz","dubai","Theme Parks","https://locobear.ae/","Exact current venue and its main experience; no images of a different branch or location","Rights-holder confirmation permitting RAAHHI commercial website promotion, hosting, resizing and WebP conversion; required credit and any expiry or restrictions","Representative photo implemented; exact venue/operator photo remains optional","https://unsplash.com/license","2026-10-03","Representative indoor trampoline activity. The photo does not show Loco Bear or its exact facilities.","https://unsplash.com/photos/indoor-trampoline-park-with-various-activity-stations-xF8ydjUbbUo"
"house-of-hype-dubai","House of Hype, The Dubai Mall","dubai","Landmarks","https://www.house-of-hype.com/","Exact current venue and its main experience; no images of a different branch or location","Rights-holder confirmation permitting RAAHHI commercial website promotion, hosting, resizing and WebP conversion; required credit and any expiry or restrictions","Representative photo implemented; exact venue/operator photo remains optional","https://creativecommons.org/publicdomain/zero/1.0/","2026-10-03","Representative immersive projection room. Its venue and location are unverified; it does not establish House of Hype Dubai, its games or installations.","https://commons.wikimedia.org/wiki/File:Immersive_Experience.jpg"
"sky-views-edge-walk","Sky Views Edge Walk, Downtown Dubai","dubai","Adventure","https://www.skyviewsdubai.com/edge-walk/","Exact current venue and its main experience; no images of a different branch or location","Rights-holder confirmation permitting RAAHHI commercial website promotion, hosting, resizing and WebP conversion; required credit and any expiry or restrictions","Representative photo implemented; exact venue/operator photo remains optional","https://unsplash.com/license","2026-10-03","The skyline view from Sky Views Observatory. This photo does not show the Edge Walk, harnesses or walkway.","https://unsplash.com/photos/burj-khalifa-skyline-in-dubai-WyfXOHgI49s"
"arte-museum-dubai","ARTE Museum Dubai Immersive Digital Art","dubai","Landmarks","https://dubai.artemuseum.com/","Exact current venue and its main experience; no images of a different branch or location","Rights-holder confirmation permitting RAAHHI commercial website promotion, hosting, resizing and WebP conversion; required credit and any expiry or restrictions","Representative photo implemented; exact venue/operator photo remains optional","https://unsplash.com/license","2026-10-03","Representative digital floral exhibition. The venue and location are unverified; this is not a verified photograph of ARTE Museum Dubai or its installations.","https://unsplash.com/photos/people-looking-at-colorful-floral-displays-on-screens-n8NHDFvhT0k"
"mysore-palace-restaurant-dubai","Mysore Palace South Indian Dining, Al Karama","dubai","Dining & Events","https://www.instagram.com/mysorepalacerestaurant/","Exact dining venue or show; no unrelated restaurant or performance","Rights-holder confirmation permitting RAAHHI commercial website promotion, hosting, resizing and WebP conversion; required credit and any expiry or restrictions","Representative photo implemented; exact venue/operator photo remains optional","https://unsplash.com/license","2026-10-03","Representative South Indian dosa. This is not a dish photographed at Mysore Palace; your menu is confirmed before booking.","https://unsplash.com/photos/a-crispy-dosa-with-dips-on-a-silver-tray-zKmzgVixk_I"
"chillout-ice-lounge-dubai","Chillout Ice Lounge Dubai","dubai","Theme Parks","https://chilloutindubai.com/","Exact current venue and its main experience; no images of a different branch or location","Rights-holder confirmation permitting RAAHHI commercial website promotion, hosting, resizing and WebP conversion; required credit and any expiry or restrictions","Representative photo implemented; exact venue/operator photo remains optional","https://unsplash.com/license","2026-10-03","Representative ice sculpture at ICEHOTEL in Jukkasjärvi, Sweden. This does not show Chillout Ice Lounge Dubai, its seating, food or drinks.","https://unsplash.com/photos/intricate-ice-sculpture-with-arched-openings-1guEIP6jSDQ"
"ocean-empress-dinner-cruise","Ocean Empress Dinner Cruise, Dubai Marina","dubai","Cruises","https://lotusyacht.com/shop/booking/ocean-empress-dinner-cruise-standard/","Exact named vessel or confirmed operator boat for the offered cruise; no generic yacht substitute","Rights-holder confirmation permitting RAAHHI commercial website promotion, hosting, resizing and WebP conversion; required credit and any expiry or restrictions","Representative photo implemented; exact venue/operator photo remains optional","https://unsplash.com/license","2026-10-03","Representative dhow cruising in Dubai Marina at night. The photo does not show the confirmed Ocean Empress vessel or its dining setup.","https://unsplash.com/photos/a-traditional-dhow-boat-sails-past-illuminated-skyscrapers-at-night-MhnUXgtsiD0"
"palm-dinner-cruise","Palm Dinner Cruise from Palm Views East Marina","dubai","Cruises","","Exact named vessel or confirmed operator boat for the offered cruise; no generic yacht substitute","Rights-holder confirmation permitting RAAHHI commercial website promotion, hosting, resizing and WebP conversion; required credit and any expiry or restrictions","Representative photo implemented; exact venue/operator photo remains optional","https://unsplash.com/license","2026-10-03","Representative yacht cruising in Dubai. The vessel shown is not confirmed as the yacht for this product; your vessel and onboard setup are confirmed before booking.","https://unsplash.com/photos/a-white-yacht-cruises-on-the-ocean-at-sunset-RYnf6TWBaQc"
"xclusive-sunset-cruise","Xclusive Sunset Cruise, Dubai Marina","dubai","Cruises","https://xclusiveyachts.com/sunset-dinner-cruise-dubai/","Exact named vessel or confirmed operator boat for the offered cruise; no generic yacht substitute","Rights-holder confirmation permitting RAAHHI commercial website promotion, hosting, resizing and WebP conversion; required credit and any expiry or restrictions","Representative photo implemented; exact venue/operator photo remains optional","https://unsplash.com/license","2026-10-03","Representative yacht cruising in Dubai. The vessel shown is not confirmed as the yacht for this product; your vessel and onboard setup are confirmed before booking.","https://unsplash.com/photos/a-white-yacht-cruises-on-the-ocean-at-sunset-RYnf6TWBaQc"
"sky-walker-shared-yacht-tour","Sky Walker Shared Yacht Tour, Dubai Harbour","dubai","Cruises","https://skywalkertours.ae/en-US","Exact named vessel or confirmed operator boat for the offered cruise; no generic yacht substitute","Rights-holder confirmation permitting RAAHHI commercial website promotion, hosting, resizing and WebP conversion; required credit and any expiry or restrictions","Representative photo implemented; exact venue/operator photo remains optional","https://unsplash.com/license","2026-10-03","Representative yacht cruising in Dubai. The vessel shown is not confirmed as the yacht for this product; your vessel and onboard setup are confirmed before booking.","https://unsplash.com/photos/a-white-yacht-cruises-on-the-ocean-at-sunset-RYnf6TWBaQc"
"bristol-private-yacht-charter","Bristol Private Yacht Charter, Dubai Marina","dubai","Cruises","https://www.bristolcharter.net/","Exact named vessel or confirmed operator boat for the offered cruise; no generic yacht substitute","Rights-holder confirmation permitting RAAHHI commercial website promotion, hosting, resizing and WebP conversion; required credit and any expiry or restrictions","Representative photo implemented; exact venue/operator photo remains optional","https://unsplash.com/license","2026-10-03","Representative yacht cruising in Dubai. The vessel shown is not confirmed as the yacht for this product; your vessel and onboard setup are confirmed before booking.","https://unsplash.com/photos/a-white-yacht-cruises-on-the-ocean-at-sunset-RYnf6TWBaQc"
"bristol-shared-yacht-charter","Bristol Shared Yacht Cruise, Dubai Marina","dubai","Cruises","https://www.bristolcharter.net/","Exact named vessel or confirmed operator boat for the offered cruise; no generic yacht substitute","Rights-holder confirmation permitting RAAHHI commercial website promotion, hosting, resizing and WebP conversion; required credit and any expiry or restrictions","Representative photo implemented; exact venue/operator photo remains optional","https://unsplash.com/license","2026-10-03","Representative yacht cruising in Dubai. The vessel shown is not confirmed as the yacht for this product; your vessel and onboard setup are confirmed before booking.","https://unsplash.com/photos/a-white-yacht-cruises-on-the-ocean-at-sunset-RYnf6TWBaQc"
"e-foil-dubai","E-Foil Session at FIVE Palm Jumeirah","dubai","Water Activities","https://palmjumeirah.fivehotelsandresorts.com/things-to-do/five-styled-watersports/","Exact activity equipment at the offered Dubai location; do not interchange flyboard, jetpack, jetovator or e-foil","Rights-holder confirmation permitting RAAHHI commercial website promotion, hosting, resizing and WebP conversion; required credit and any expiry or restrictions","Representative photo implemented; exact venue/operator photo remains optional","https://unsplash.com/license","2026-10-03","Representative e-foiling activity, photographed in Maui. This is not FIVE Palm Jumeirah or a Surf High session. Other Surf High activity options are not pictured.","https://unsplash.com/photos/a-person-riding-a-hydrofoil-board-on-the-ocean-kTDFx0TWJN8"
"surf-high-experience-dubai","Surf High: Wakeboard, Wake Surf or E-Foil","dubai","Water Activities","","Exact activity equipment at the offered Dubai location; do not interchange flyboard, jetpack, jetovator or e-foil","Rights-holder confirmation permitting RAAHHI commercial website promotion, hosting, resizing and WebP conversion; required credit and any expiry or restrictions","Representative photo implemented; exact venue/operator photo remains optional","https://unsplash.com/license","2026-10-03","Representative e-foiling activity, photographed in Maui. This is not FIVE Palm Jumeirah or a Surf High session. Other Surf High activity options are not pictured.","https://unsplash.com/photos/a-person-riding-a-hydrofoil-board-on-the-ocean-kTDFx0TWJN8"
"dubai-airport-to-ras-al-khaimah-transfer","Dubai Airport to Ras Al Khaimah Transfer","dubai","Transfers","","Actual supplier vehicle or fleet used for this service; vehicle type and ownership identified","Rights-holder confirmation permitting RAAHHI commercial website promotion, hosting, resizing and WebP conversion; required credit and any expiry or restrictions","Representative photo implemented; exact venue/operator photo remains optional","https://unsplash.com/license","2026-10-03","Representative SUV transport in Dubai. The vehicle shown is not a confirmed transfer vehicle, and the photo does not depict the full route.","https://unsplash.com/photos/a-black-suv-parked-in-front-of-a-building-wyvRWlKw1N0"
"intercity-private-transfer-uae","Private Intercity Transfer Between Emirates","dubai","Transfers","","Actual supplier vehicle or fleet used for this service; vehicle type and ownership identified","Rights-holder confirmation permitting RAAHHI commercial website promotion, hosting, resizing and WebP conversion; required credit and any expiry or restrictions","Representative photo implemented; exact venue/operator photo remains optional","https://unsplash.com/license","2026-10-03","Representative SUV transport in Dubai. The vehicle shown is not a confirmed transfer vehicle, and the photo does not depict the full route.","https://unsplash.com/photos/a-black-suv-parked-in-front-of-a-building-wyvRWlKw1N0"
"dubai-intracity-transfer","Dubai In-City Transfer, One-Way or Return","dubai","Transfers","","Actual supplier vehicle or fleet used for this service; vehicle type and ownership identified","Rights-holder confirmation permitting RAAHHI commercial website promotion, hosting, resizing and WebP conversion; required credit and any expiry or restrictions","Representative photo implemented; exact venue/operator photo remains optional","https://unsplash.com/license","2026-10-03","Representative road travel in Dubai. The photographed car is not a confirmed RAAHHI transfer vehicle; your vehicle type is confirmed before booking.","https://unsplash.com/photos/black-sedan-on-road-near-high-rise-buildings-during-daytime-p3zYV0wuDJ8"
"private-vehicle-with-driver","Private Car with Driver in Dubai, Half or Full Day","dubai","Transfers","","Actual supplier vehicle or fleet used for this service; vehicle type and ownership identified","Rights-holder confirmation permitting RAAHHI commercial website promotion, hosting, resizing and WebP conversion; required credit and any expiry or restrictions","Representative photo implemented; exact venue/operator photo remains optional","https://unsplash.com/license","2026-10-03","Representative road travel in Dubai. The photographed car is not a confirmed RAAHHI transfer vehicle; your vehicle type is confirmed before booking.","https://unsplash.com/photos/black-sedan-on-road-near-high-rise-buildings-during-daytime-p3zYV0wuDJ8"
"private-limousine-rental-dubai","Private Limousine Hire in Dubai","dubai","Transfers","","Actual supplier vehicle or fleet used for this service; vehicle type and ownership identified","Rights-holder confirmation permitting RAAHHI commercial website promotion, hosting, resizing and WebP conversion; required credit and any expiry or restrictions","Representative photo implemented; exact venue/operator photo remains optional","https://unsplash.com/license","2026-10-03","Representative stretch limousine. The photo was not verified as taken in Dubai; your booked vehicle and model are confirmed before booking.","https://unsplash.com/photos/a-white-limo-parked-on-the-side-of-a-road-AD97wlniao8"
"snow-abu-dhabi","Snow Abu Dhabi at Reem Mall","abu-dhabi","Theme Parks","https://www.reemmall.ae/en/snow-abu-dhabi","Exact current venue and its main experience; no images of a different branch or location","Rights-holder confirmation permitting RAAHHI commercial website promotion, hosting, resizing and WebP conversion; required credit and any expiry or restrictions","Representative photo implemented; exact venue/operator photo remains optional","https://unsplash.com/license","2026-10-03","Representative indoor snow-park photograph. The venue and location are unverified; this is not a verified photo of Snow Abu Dhabi or RAAHHI customers.","https://unsplash.com/photos/four-friends-in-winter-coats-at-a-snow-park-20EDVr0HcZM"
"quad-biking-abu-dhabi","Quad Biking in the Abu Dhabi Desert","abu-dhabi","Adventure","","Exact current venue and its main experience; no images of a different branch or location","Rights-holder confirmation permitting RAAHHI commercial website promotion, hosting, resizing and WebP conversion; required credit and any expiry or restrictions","Representative photo implemented; exact venue/operator photo remains optional","https://unsplash.com/license","2026-10-03","Representative quad biking in the Dubai desert. This photo does not depict the Abu Dhabi meeting point or a confirmed operator vehicle.","https://unsplash.com/photos/a-man-riding-a-four-wheeler-in-the-desert-NJxFMByGd0Y"
"deep-sea-fishing-abu-dhabi","Deep Sea Fishing, Abu Dhabi","abu-dhabi","Water Activities","","Exact activity equipment at the offered Dubai location; do not interchange flyboard, jetpack, jetovator or e-foil","Rights-holder confirmation permitting RAAHHI commercial website promotion, hosting, resizing and WebP conversion; required credit and any expiry or restrictions","Representative photo implemented; exact venue/operator photo remains optional","https://unsplash.com/license","2026-10-03","Representative boat fishing at sea. The photo does not identify the Abu Dhabi operator, fishing grounds or booked vessel.","https://unsplash.com/photos/fishing-rod-over-the-blue-ocean-water-gB9IR96PEbU"
